Classic Editor;https://ru.wordpress.org/plugins/classic-editor/;1146
Akismet Anti-spam: Spam Protection;https://ru.wordpress.org/plugins/akismet/;998
Jetpack предназначен для защиты, резервного копирования, повышения скорости работы и развития вашего сайта WordPress;https://ru.wordpress.org/plugins/jetpack/;1921
Classic Widgets;https://ru.wordpress.org/plugins/classic-widgets/;244
Classic Editor;https://ru.wordpress.org/plugins/classic-editor/;1146
Akismet Anti-spam: Spam Protection;https://ru.wordpress.org/plugins/akismet/;998
Jetpack предназначен для защиты, резервного копирования, повышения скорости работы и развития вашего сайта WordPress;https://ru.wordpress.org/plugins/jetpack/;1921
Classic Widgets;https://ru.wordpress.org/plugins/classic-widgets/;244
Classic Editor;https://ru.wordpress.org/plugins/classic-editor/;1146
Akismet Anti-spam: Spam Protection;https://ru.wordpress.org/plugins/akismet/;998
Jetpack предназначен для защиты, резервного копирования, повышения скорости работы и развития вашего сайта WordPress;https://ru.wordpress.org/plugins/jetpack/;1921
Classic Widgets;https://ru.wordpress.org/plugins/classic-widgets/;244
